Номенклатура;Остатки
1102.3741-02 Клапан электромагнитный, 24V (ЭФУ);
118-124-38-2-2 Кольцо уплотнительное;2
13.3839 Датчик засоренности воздушного фильтра;2
135.1111282 Клапан перепускной (6007.1111282-01);8
135.1111282-30 Клапан перепускной;2
15.1601102 Пружина (ТМЗ);8
15.1601302 Шток;22
15.1601308 Планка;12
15.1601312 Пластина;36
15.1601344 Втулка (ТМЗ);26
15.1601347 Пластина;12
151.1600010-10 Установка сцепления;1
16.1111005 ТНВД;1
181.1112010-11 Форсунка (ЯЗДА);3
181.1112110-02 Распылитель (ЯЗДА);4
182.1112010-10 Форсунка (ЯЗДА);
182.1112110-11 Распылитель (ЯЗДА);3
200-1000001 Комплект уплотнительных изделий (медь);2
200461-П29 Болт ТНВД М10х1,25х80;
201-1009042-Б Шайба медная 31,1х24,1х2 (312768-П);5
201-1015624 Шайба 16х22х2;19
201-1114060-А Крышка маслоналивного патрубка в сб.;2
201454-П29 Болт М8-6gх16 (ГБЦ);24
201458-П29 Болт М8-6g-25;
201464-П29 Болт М8х40;
201466-П29 Болт М8х1,25х45;
201469-П29 Болт М8х1,25х55;
201674-П29 Болт М10×1,25-6g×20;9
201676-П29 Болт М10Х1,25-6GХ25;1
201678-П29 Болт М10×1,25-6g×30;4
201680-П29 Болт М10Х1,25-6GХ35;6
201684-П29 Болт М10х1.25х45 (креп. выхл., ТКР);20
204А-1011310-В Сетка заборника;2
204А-1011318-Б Крючок;
216527-П29 Шпилька (ГБЦ);6
216563-П29 Шпилька М10 L=70 Р1=26х1,25/20х1,5;
236-1002283-А Прокладка с сеткой в сборе;5
236-1003001-02 Р/к головки блока ЯМЗ-236 н/о;2
236-1005128-А Пластина замковая;28
236-1005160 Манжета коленвала задняя BAUM7X7 140х170 (840.1005160);4
236-1005160-А6 Манжета коленвала задняя 140х170 (840.1005160);4
236-1005160-А7 Манжета коленвала задняя 140х170 (МКВ) (840.1005160);4
236-1011014-В3 Насос масляный (ТМЗ);3
236-1011048-Б Клапан редукционный (ТМЗ);3
236-1011202-А Шестерня;12
236-1011296 Прокладка;2
236-1011363-Б2 Клапан;2
236-1029300-Б Муфта привода;1
236-1110479 Кольцо уплотнительное аналог 33.1106379 (016-020-25-2-2) 25.3111.3064;20
236-1307010-А3 Насос водяной (ТМЗ);4
236-1307081 Кольцо стопорное Б62;6
236-1601180-Б2 Муфта выключения сцепления (ТМЗ);5
2381.1700004-07 Коробка передач;
238-1009040-А Прокладка картера масляного;2
238-1723026 Кольцо уплотнительное (резина) 25.3111.3053 (006-010-25-2-7) черное;65
238-1723026 Кольцо уплотнительное (силикон) 25.3111.3053 (006-010-25-2-7) зеленое;153
238-1723280 Ввертыш;
238АК-1307010 Насос водяной (ТМЗ);2
238Б-1029240-Б2 Манжета вала привода ТНВД 41х56х10;1
238Д-1003013-А Головка цилиндров в сборе (ЯМЗ);1
238М-1721382-011 Кольцо торцевое солнечной шестерни;2
238Н-1722063 Кольцо 012-016-25 (сил.);48
238Н-1723031 Кольцо 020-025-30 (рез.);64
238Н-1723031 Кольцо 020-025-30 (сил. зел.);
238Ф-1118158 Прокладка корпуса ТКР;7
240.1106285 Прокладка ТПН;1
240-1002402 Заглушка плоская;6
240-1003014-Е2 Головка цилиндров;4
240-1003213-А1 Прокладка ГБЦ (металл-фторсиликон, зеленая);12
240-1003217 Прокладка головки цилиндров;12
240-1011014-Б Насос масляный (ТМЗ) (с перегородкой);3
240-1029326 Привод вспомогательных агрегатов;1
240-1029330-Б Вал привода вспомогательных агрегатов;1
240-1029332 Ступица привода;2
240-1029336 Валик соединительный;6
240-1104344-А Уплотнитель трубки высокого давления (рез.);10
240-1104344-А Уплотнитель трубки высокого давления (сил.);
240-1305025 Клапан ВМР в сборе;27
240-1305036 Кольцо уплотнительное;20
240-1307010-А1 Насос водяной (ТМЗ);2
240-1307045 Крышка насоса водяного (ТМЗ);5
240-1307090-А Манжета 25х42;
240-1307090-А Манжета 25х42 фтор.;2
240-3708724-Б Штифт;3
240-3901035 Ключ трещетка для мех. проворота;
240Б-1011363-А Клапан предохранительный (ТМЗ);2
240Б-1318218 Прокладка;2
240Н-1008510 Втулка;82
240Н-1011014-Б Насос масляный (ТМЗ) (без перегородки);2
240Н-1011092 Клапан перепускной (ТМЗ);2
25.3111.2023 Кольцо (014-017-19-2-1) (рез.);1
25.3111.2072 Кольцо (023-027-25-2-1);
25.3111.2188 (076-082-36-2-1) Кольцо упл.компрессора пневмотормозов;42
25.3111.2193 Кольцо (082-088-36-2-1) (рез.);2
25.3111.2196 Кольцо упл.стакана сапуна картера (086-092-36-2-1) рез.;1
25.3111.2299 (108-115-46-2-1) Кольцо (сил.);18
25.3111.2566 Кольцо 075-080-25;2
25.3111.6149 (030-036-36-2-5) Кольцо (силикон, зел.) 8423.1013149;25
25.3111.6149 (030-036-36-2-5) Кольцо (черн.резина) 8423.1013149;9
25.3111.6152 Кольцо 034-040-36-2-5 (сил., зел.);25
25.3111.6181 Кольцо (068-074-36-2-1);5
25.3111.6319 Кольцо 180-190-46-2-5 (силикон);35
25.3111.6594 Кольцо уплотнительное (150-155-25-2-5);6
25.3119.3803 Кольцо уплотнительное 032-040-46-2-7 (рез.);8
25.3119.3803 Кольцо уплотнительное 032-040-46-2-7 (сил.);58
25.3119.3812 Кольцо 044-052-46-2-7 (силикон, зел.);68
25.3119.3812 Кольцо 044-052-46-2-7 (силикон, сер.);30
25.3119.3817 Кольцо 052-060-46-2-7 (рез.) (850.1303099, 25.3111.2267);47
25.3119.3817 Кольцо 052-060-46-2-7 (силикон);118
250512-П5 Гайка М10х1,5;
250517-П29 Гайка М10Х1,25-6Н (креп. выхл., ТКР);93
250565-П29 Гайка М20х1,5;
252005-П29 Шайба 8;
252135-П2 Шайба 8Т;6
252136-П2 Шайба 10 ОТ;6
252161-П2 Шайба 20 Л;
258639-П Штифт 6х16 (ГБЦ);39
310035-П29 Болт М12х1,25-6Дх95;
310054-П29 Болт М12-6Дх30;20
310122-П29 Болт М10х1х22;21
310236-П29 Болт М14х1,5х48,5;21
310239-П29 Болт пустотелый М10х1х40;3
310264-П29 Болт М16х1,5х37;
310265-П2 Болт М12х1,25х26 крепления пластин привода ТНВД;8
310437-П Шпилька ТКР;33
310469-П2 Шпилька крепления оси коромысла М12х85 (ГБЦ);5
310470-П2 (Р) Шпилька крепления оси коромысла М12х55 (ГБЦ);1
310470-П2 Шпилька крепления оси коромысла М12х55 (ГБЦ);25
310471-П2 Шпилька крепления скобы форсунки (ГБЦ);16
311449-П29 Гайка М39х2-6Н;8
311526-П2 Гайка винта коромысла;112
311815-П29 Гайка М48х1,5;11
311901-П2 Гайка М10х1,25 крепления скобы форсунки;24
311905-П2 Гайка оси коромысла М12х1,25 (ТМЗ);
311906-П Гайка М22х1,5-4Н5Н.1;20
311912-П2 Гайка оси коромысла М12Х125-6Н (ЯМЗ);5
312300-П2 Шайба 10,5;8
312316-П29 Шайба 25;5
312326-П34 Шайба 14,2;71
312332-П2 Шайба 40;10
312355-П29 Шайба;36
312471-П Шайба форсунки (9,3 мм) А;48
312473-П Шайба 27;61
312482-П34 Шайба;85
312502-П29 Шайба 12;
312570-П29 Шайба стопорная (ТМЗ);20
312570-П29 Шайба стопорная 48,5 (ТМЗ);
312630-П Прокладка 20х24х1,5 (медь);5
312638-П Шайба 8;
312692-П Шайба;6
312693-П29 Шайба 16;53
312695-П15 Шайба (скобы форс.);45
312766-П Прокладка (шайба) 22х28х1,5;6
313407-П29 Штифт 10х25 (в блок);10
313410-П2 Штифт 12х25 (в блок);5
313465-П Штифт 10х40;3
313997-П Заглушка 30 (ГБЦ);13
314132-П2 Шпонка 8х7х32;23
314510-П Угольник компрессора;6
3152.3771-50 Генератор ТМЗ 28В 80А (аналог 4001.3771-42);
315466-П29 Кляммер 12 (ЭФУ);3
316106-П29 Пробка (ТМЗ);30
316109-П29 Пробка М27х1,5-6Н;5
316121-П29 Пробка К 1/4 (ГБЦ);32
316135-П2 Пробка К3/8;
316144-П2 Пробка М20х1,5х6g;5
316176-П2 Пробка;31
316188-П2 Пробка;20
316198-П29 Пробка КГ1/4;1
316600-П29 Ввертыш М8-6Н-М14-3nх20;2
316603-П29 Ввертыш М10-1-6Н-М16х1,5-6gх20,5 (ГБЦ);13
316610-П29 Ввертыш;12
316612-П29 Ввертыш М8-6Н-М14-6gх21 (ГБЦ);38
316613-П29 Ввертыш М10х1,5-6Н-М16х1,5-6gх26 (ГБЦ);8
316615-П29 Ввертыш М16х1,5-6Н-М24х2-6gх18;11
316620-П29 Ввертыш М10х1,25-6Н-М16х1,5-3nх18;10
316622-П29 Ввертыш М14х1,5-6Н-М24х2-6gx18;3
316627-П Ввертыш М10-6Н-М16х1,5-6gх26 (ГБЦ);36
316628-П29 Ввертыш М8-6Н-М14-6gх26 (ГБЦ);49
316632-П29 Ввертыш;3
33.1112110-220 Распылитель (ЯЗДА);7
36.3855-22 Датчик положения исполнительного механизма (2112-1148200-06);4
3902-3829000 Датчик давления масла;5
44.1106010-01 Насос топливоподкачивающий (ЯЗДА);1
45 2453 4964 Подшипник 97506;3
45 7374 8689 Клапан электромагнитный КЭМ 32-23М1;
45 7375 5044 СВЕЧА ФАКЕЛЬНАЯ 1112.3740 (ЯМЗ);10
45 9328 1097 Болт М10х1,25;20
45 9348 6561 Болт М10-6Gх30;24
45 9824 6265 Шпонка распредвала 25х5х10;16
45 9824 6266 Шпонка 6х9;10
45 9824 6270 Шпонка коленвала;7
4512.3771-20 Генератор 28В, 110А;1
53205-3509322 Кольцо уплотнительное п/компрессора (силикон);97
5340.1005161 Манжета коленвала 100х125х11;3
5340.1012075-04 (658.1012075) (8.9191) Элемент масляного фильтра (ЯМЗ);3
5340.1814170-11 Ремень;1
5341.1012075-01 Фильтр сменный для масла;2
5347.3509253 Кольцо уплотнительное 019-023-25 (силикон, зел.);87
5347.3509253 Кольцо уплотнительное 019-023-25 (фтор);4
536.1112303-20 Рампа (ЯМЗ, пр-во COMMON RAIL);1
536.1115288 Кольцо уплотнительное 067-075-46 сил.зел.;2
536.1118562 Патрубок всасывающий;1
536.1308011-20 Привод вентилятора;1
6-206 Подшипник;1
64227-1203020 Прокладка ТКР (облицовка);20
658.1012075  М5103 Фильтр масляный DIFA (5340.1012075);8
658.1012075 Элемент масляного фильтра (ан. М5103, W11102) (КИТАЙ);
7.1005 Угольник (фитинг 9502 8-М12х1,5C-FVMQ) CAMOZZI;
740.1007262-01 Манжета впускного клапана в сборе;40
740.1007262-01 Манжета впускного клапана в сборе (СТРОЙМАШ, зеленая);93
740.1318166 Манжета 100х125х12  (840.1005034 беспружинная, фтор.);7
740.60-1003016 Болт ГБЦ ТМЗ (чугун);48
7405.1005160-01 Манжета 2,2-105х130х12;1
7511.1029002-02 Установка привода ТНВД;1
7511.1117075 Фильтр сменный топливный;
8.8446 661. 3710-02 Термореле;1
8.8972 Болт пустотелый 1631 01-М10х1-S01 (CAMOZZI);56
8.8973 Шайба 2651 М10 (CAMOZZI);135
8.8991 Болт пустотелый 1631 01-М14х1,5-S01 (CAMOZZI);
8.8992 Болт пустотелый 1631 02-М14х1,5-S01 (CAMOZZI);
8.8994 Болт пустотелый 1631 02-М10х1-S01 (CAMOZZI);20
8.9526 Болт пустотелый 1631 01-М16х1,5-S01 (CAMOZZI);
8252.59.2530.32.0000.0000.19.33.40.01 Датчик давления;1
840.1000001 К-т прокладок на дв. ТМЗ паронит (дв.8421-8426);2
840.1000001-01 Р/к РТИ дв. ТМЗ 8421-8486 (без упл.гильзы и ГБЦ);
840.1000102 Вкладыши коренных подшипников (ЯМЗ);5
840.1000102-Р1 Вкладыши коренных подшипников Р-1;1
840.1000102-Р2 Вкладыши коренных подшипников Р-2;1
840.1000104 Вкладыши шатунных подшипников;6
840.1000104-Р1 Вкладыши шатунных подшипников Р-1;1
840.1000104-Р2 Вкладыши шатунных подшипников Р-2;1
840.1002001-01 К-т упл.колец гильзы (1 гильза);8
840.1002021-11 Гильза цилиндра (ТМЗ);
840.1002040 Кольцо уплотнительное (зел.);1
840.1002040 Кольцо уплотнительное (черн.);1
840.1002524 Заглушка отверстия распределительного вала;2
840.1003010-25 Головка цилиндра с клапанами;
840.1003016-01 Болт (ТМЗ);40
840.1003037-01 Втулка (н/о);14
840.1003108-21 Седло клапана;78
840.1003212-20 Прокладка ГБЦ (мет.кольцо);8
840.1003212-30 Прокладка ГБЦ (мет.кольцо);16
840.1003213-03 Прокладка ГБЦ (металл+фторсиликон,СМ);29
840.1003264 Крышка головки цилиндров;8
840.1003270 Прокладка клапанной крышки;426
840.1003436 Заглушка;890
840.1003436 Заглушка Р1 (26 мм);95
840.1003442 Втулка;
840.1003466 Кольцо газового стыка (ТМЗ);
840.1004062 Болт крышки шатуна;39
840.1004064 Гайка шатуна;117
840.1005023 Болт противовеса (и маховика);48
840.1005030-01 Шестерня коленвала (ТМЗ);
840.1005034 Манжета передняя 100х125 (фторкаучук);5
840.1005062-01 Болт шкива;6
840.1005121-01 Втулка маховика;1
"840.1005128 Пластина (D=14,5; d=62,5; l=3)";
840.1005167 Шпилька крышки;8
840.1005193 Полукольцо упорного подшипника нижн.;18
840.1005194-10 Полукольцо упорного подшипника верх.;18
840.1005440 Фиксатор маховика (ТМЗ);2
840.1005674 Шестерня механизма проворота в сб.;
840.1005688 Колпачок механизма проворота;49
840.1006032-02 Подшипник распредвала;11
840.1006037-10 Втулка;4
840.1006214-01 Шестерня распредвала;1
840.1007010-21 Клапан впускной (Луганск);1
840.1007012-21 Клапан выпускной (Луганск);60
840.1007020 Пружина клапана наружная (ГБЦ) ТМЗ;124
840.1007021 Пружина клапана внутренняя (ГБЦ) аналог;4
840.1007021 Пружина клапана внутренняя (ГБЦ) ТМЗ;161
840.1007022 Шайба наружной пружины (ГБЦ);111
840.1007024 Тарелка пружины (ГБЦ);96
840.1007027 Шайба внутренней пружины (ГБЦ);97
840.1007028 Сухарь клапана (ГБЦ);221
840.1007032 Втулка направляющая;71
840.1007032 Втулка направляющая Р1 (18,5 мм);
840.1007032 Втулка направляющая Р2 (19 мм);
840.1007033 Втулка направляющая;58
840.1007033 Втулка направляющая Р1 (18,5 мм);
840.1007033 Втулка направляющая Р2 (19 мм);
840.1007091 Ось коромысла впуск. кл. (ТМЗ);56
840.1007095 Втулка-штифт (ГБЦ);
840.1007100 Ось коромысла вып. кл.(ТМЗ);60
840.1007106 Стойка оси впускных клапанов;32
840.1007110-02 Коромысло (ТМЗ);
840.1007110-01 Коромысло (ТМЗ);19
840.1007118 Втулка коромысла;7
840.1007136 Пластина стойки;30
840.1007136 Пластина стойки (пескоструй);1
840.1007140-02 Коромысло (ТМЗ);2
840.1007140-01 Коромысло (ТМЗ);13
840.1007147 Винт регулировочный с чашкой;232
840.1007170-10 Палец шаровой;24
840.1007174-02 Штанга толкателя (ТМЗ);33
840.1007174-20 Штанга толкателя глухая (ТМЗ);8
840.1007176-02 Штанга толкателя (ТМЗ);17
840.1007176-20 Штанга толкателя глухая (ТМЗ);8
840.1007180 Толкатель (ТМЗ);3
840.1007190 Ролик толкателя;174
840.1007199 Втулка ролика толкателя;174
840.1007258 Кольцо уплотнительное;20
840.1008027 Прокладка выпускного коллектора;87
840.1008027 Прокладка выпускного коллектора (ТМЗ);30
840.1008328-01 Хомут KVP110 профильный V-образный;2
840.1008504 Болт М10-6Дх70;123
840.1009072 Прокладка картера масляного;3
840.1011054 Клапан системы смазки сливной (ТМЗ);2
840.1011230 Шестерня;1
840.1011296-10 Прокладка;11
840.1011300 Чашка заборника;
840.1011366 Прокладка;9
840.1011538 Трубка подводящая центробежного маслоочистителя (ЯМЗ);4
840.1011544 Прокладка;9
840.1012039-15 Элемент ФГОМ DIFA-5203К Усиленный (мурена);10
840.1012040-12 Элемент ФГОМ DIFA-М5302К (мет.сетка);9
840.1012078-10 Колпак масляного фильтра (ТМЗ);6
840.1012083-10 Кольцо уплотнительное;10
840.1012083-20 Кольцо уплотнительное;12
840.1012293-10 Пробка перепускного клапана (в сборе);5
840.1012293-11 Пробка перепускного клапана (в сборе) глух.;
840.1013001 Р/к водомасляного радиатора 842.1013600;10
840.1013630 Втулка;6
840.1014129 Штуцер сапуна;1
840.1014136 Кольцо упл.стакана сапуна вентиляции картера;
840.1022860 Амортизатор (трубки ЭФУ);
840.1028001 Ремкомплект ФЦОМ 840.1028010 (РТИ,паронит);7
840.1028010 Фильтр ЦОМ в сборе;3
840.1028025 Прокладка;
840.1028035 Корпус ротора ФЦОМ с втулкой в сборе;3
840.1028064 Прокладка 66х53х1;10
840.1029034 Кольцо;
840.1029115-02 Шестерня ведущая (ТМЗ);
840.1029128 Ось ведущей шестерни (ТМЗ);1
840.1029140 Шайба со штифтом;5
840.1029170 Корпус подшипника в сборе с манжетой;3
840.1029178-10 Прокладка корпуса;4
840.1029260-11 Полумуфта ведущая с пластинами (ТМЗ);6
840.1029262-11 Фланец ведущей полумуфты передний с пластинами;4
840.1029270-10 Фланец ведущей полумуфты задний;1
840.1029272-10 Пластина задняя (ТМЗ);6
840.1029274-10 Пластина передняя;6
840.1029288-10 Фланец ведомой полумуфты (ТМЗ);1
840.1029300 Полумуфта в сборе;4
840.1029438-01 Манжета 30х50 (фторкаучук);10
840.1104349 Наконечник;6
840.1104361-10 Трубка;16
840.1104446 (Т) Скоба;32
840.1104446 Скоба;
840.1104514 Скоба;
840.1104825 Кляммер;
840.1104918 Ниппель (ГБЦ);19
840.1105010 Фильтр грубой очистки топлива (ЯМЗ);2
840.1108054 Наконечник;7
840.1112010-35 Форсунка АЗПИ (дв.ТМЗ-8486.10-04);8
840.1112163 Скоба крепления форсунки (ТМЗ);241
840.1112169 Опора скобы (ГБЦ);14
840.1112406-10 Трубка топливная;
840.1112528 (Т) Скоба;14
840.1112528 Скоба;
840.1112548 Гайка (ТМЗ);
840.1115026 Прокладка впускного коллектора;84
840.1117010 Фильтр тонкой очистки топлива в сб;1
840.1117020 Корпус топливного фильтра с/о (ТМЗ);4
840.1117030-01 Элемент ФТОТ DIFA-6307.1Р Волокно;9
840.1117186  Прокладка колпака (кольцо, паронит);8
840.1121086 Корпус муфты (ЯЗДА);2
840.1303082 Муфта;
840.1303082-03 Муфта (тонк.);21
840.1303084 Муфта;
840.1303084-03 Муфта (тонк.);10
840.1303268 Прокладка;77
840.3509294 Фланец;2
840.3901210 Съемник форсунки;12
8401.1003001-06 Р/к инд. ГБЦ (металл, силикон)   Т;8
"8401.1004008-05 Комплект: гильза-поршень (ТМЗ, поршень пр-ва ""Federal-Mogul"")";
8401.1004015 Поршень (КМЗ);4
8401.1004015 Поршень (ТМЗ);1
8401.1004020 Палец поршневой (КаМЗ);5
8401.1004022 Кольцо стопорное;400
8401.1004045 Шатун в сборе;9
8401.1004052-01 Втулка шатуна (ТМЗ);16
8401.1004118 Форсунка охлаждения поршня;3
8401.1007250 Направляющая толкателей (ТМЗ);12
8401.1030155 Электромагнит заслонки аварийного останова ПЭМ 35.100.02 (12В);3
8401.1030232-03 Заслонка аварийного останова (8401.1030232-04);2
8401.1170220-03 Элемент охлаждающий ОНВ;
8401.1170256-01 Сетка защитная ОНВ;
8401.1303179 Труба;1
8401.3509432-10 Фланец (ТМЗ);
8401.3509436-01 Прокладка фланца;4
840-1000002 Комплект уплотнительных изделий ТМЗ (842-1000002 медь);1
841.1001017-01 Кронштейн передней опоры;
841.1002025 Заглушка масляного канала (ТМЗ);1
841.1002084 Крышка водяной полости;4
841.1002208 Заглушка;3
841.1002314 Прокладка картера маховика;
841.1002323 Заглушка люка ГУР;3
841.1002324 Прокладка;2
841.1002350 Рым;1
841.1002351 Рым;1
841.1011240 Шестерня ведущая привода масляного насоса;2
841.1012010 Фильтр масляный ТМЗ с/о;1
841.1012015 Корпус масляного фильтра с/о (ТМЗ);2
841.1013650-001 Элемент ВМР;
841.1014566 Кляммер;1
841.1117152 Кронштейн фильтра (ТМЗ);3
841.1303088-01 Труба перепускная;
841.1303088-03 Труба перепускная;12
841.1303156 Труба отводящая водяного насоса;2
841.1303160-10 Патрубок (ТМЗ);5
841.1303175 Прокладка патрубка;9
841.1303178-11 Коробка термостатов (ТМЗ);5
841.1303188 Прокладка патрубка;10
841.1303214 Прокладка патрубка;13
841.1303240 Патрубок перепускной трубы;4
841.1303256-01 Муфта;
841.1303256-03 Муфта;11
841.1307159 Прокладка крышки;2
841.1308110 Натяжное устройство (ТМЗ);4
841.1318075 Корпус привода;
841.1318075-10 Корпус привода;
841.1318078 Прокалдка корпуса;6
841.1318088 Корпус в сборе;2
841.1318130 Трубка сливная;2
841.1318130-03 Трубка сливная;10
841.1318131 Кольцо уплотнительное 028-036-46 (силикон);15
841.1318166 Манжета 62х90х10 привода вентилятора (фторкаучук);15
841.1318166 Манжета 62х90х10 привода вентилятора FKM75;50
841.1318166 Манжета 62х90х12 гидромуфты привода вентилятора (рез.);4
841.1318166 Манжета 62х90х12 гидромуфты привода вентилятора (фтор.);
841.1318178-20 Ступица шкива;9
841.1318182-10 Прокладка шкива гидромуфты;5
841.1318196 Патрубок сливной;3
841.1318290 Втулка;14
841.1318292 Втулка;7
841.3701780 Палец;18
841.3701790 Планка генератора;11
842.1002012-20 Блок цилиндров;1
842.1002012-20 Блок цилиндров (б/у, восст.);1
842.1005125-20 Обод маховика (ТМЗ);1
842.1006010-10 Вал распределительный с шестерней в сборе;
842.1009072 Прокладка картера масляного ТМЗ (пробка);2
842.1009072-05 Прокладка картера масляного;5
842.1011293 Фланец;1
842.1011350-11 Труба отводящая;2
842.1011415 Фланец;2
842.1013002 Р/к заглушек ВМР ТМЗ (резина);5
842.1013600-13 Радиатор масляный;7
842.1013600-13 Радиатор масляный (ТМЗ);1
842.1013700 Сетка защитная ВМР;25
842.1013708-02 Крышка задняя в сборе (ТМЗ);2
842.1013714-02 Штуцер;
842.1029175-20 Корпус заднего подшипника;
842.1029286 Полумуфта ведомая;3
842.1029584 Шестерня ведомая;1
842.1103373-20 Трубка дренажная FP74-133-RF01 (CAMOZZI);4
842.1104361 Трубка форсунки дренажная (дв. ТМЗ-8486.10-04 под форсунку АЗПИ);34
842.1104373 Трубка дренжаная (аналог);10
842.1104373-10 Трубка дренажная (а);44
842.1104373-10 Трубка дренажная (ТМЗ);6
842.1104382-10 Трубка отводящая (ТМЗ);4
842.1104384-10 Трубка отводящая;3
842.1111570-01 Трубка отвода масла;4
842.1121010-30 Муфта опережения впрыска топлива;
842.1303104 Труба водяная правая;
842.1303104 Труба водяная правая  (б/у, пескоструй);1
842.1303105-10 Труба водяная левая;2
842.1303130 Патрубок;5
842.1303130 Патрубок (бу, пескоструй);1
842.1303166-10 Патрубок;3
842.1303168-21 Патрубок подводящий правого блока;1
842.1305008 Кран сливной ВМР ТМЗ;
842.1307155 Натяжное устройство;1
842.1319062 Прокладка;2
842.3708722-10 Скоба крепления стартера;7
8421.1004002 Комплект поршневых колец (Federal-Mogul);
"8421.1005128-01 Пластина (D=14,5; d=74,5; l=3)";3
8421.1008042-20 Труба правая (б/у, пескоструй);5
8421.1008043-10 Труба левая (б/у, пескоструй);5
8421.1008045 Прокладка;8
8421.1008088 Сильфон газопровода;4
8421.1008504 Болт М12х1,25х90;10
8421.1011014 Насос масляный (ТМЗ);7
8421.1014145 Кронштейн крепления трубы;6
8421.1014149 Труба отвода газов;3
8421.1104410 Трубка подводящая ТННД;5
8421.1104422 Трубка отводящая;4
8421.1109030 Прокладка бункера;6
"8421.1109080-03 Элемент ФОВ DIFA-4342М (сдвоеный) МАЗ(дв. ТМЗ-8421,-8481,-8423; ЯМЗ-7511,-238ДЕ2-1 )";1
8421.1111538-10 Трубка подвода (камоцци);
8421.1118220 Трубка подвода масла (ТМЗ);1
8421.1118246 Патрубок;1
8421.1118248 Патрубок;2
8421.2000005-10 К-т для ремонта дв. ТМЗ 8421-8486 (металл силикон);4
8423.1002314 Прокладка картера маховика;
8423.1002314-02 Прокладка картера маховика (армир.);
8423.1005010 Вал коленчатый;
8423.1005010 Вал коленчатый Р2 (б/у);1
8423.1005061-20 Шкив коленвала;2
8423.1008025 Коллектор выпускной передний правый;4
8423.1008026 Коллектор выпускной передний левый;2
8423.1008029 Коллктор вып.прав.задний;2
8423.1008030 Коллектор выпускной;3
8423.1008042-10 Труба подводящая правая;2
8423.1008043-10 Труба подводящая левая;2
8423.1008344-20 Патрубок соединительный;2
8423.1008346-20 Патрубок соединительный;
8423.1008504 Болт М12х1,25х125;6
8423.1009010-11 Картер масляный;
8423.1009050-20 Указатель уровня масла;5
8423.1009059 Трубка указателя;1
8423.1009130 Патрубок маслоналивной с крышкой в сборе;1
8423.1011151 Кольцо 032-038-36-2-1 (сил.);20
8423.1011151 Кольцо 032-038-36-2-1 (рез.);6
8423.1011400-20 Труба всасывающая с фланцем;3
8423.1013308 Кольцо уплотнительное (ВМР);9
8423.1014100 Сапун в сборе;2
8423.1014138 Патрубок;14
8423.1014182 Корпус сапуна (ТМЗ);1
8423.1104005 Комплект крепления трубки ВД к ГБ;36
8423.1104370-10 Трубка дренажная (а);27
8423.1104370-10 Трубка дренажная (аналог);14
8423.1104370-10 Трубка дренажная ТМЗ;13
8423.1104370-20 Трубка дренажная (с наконечниками CAMOZZI);3
8423.1104410 Трубка подводящая к ТННД;
8423.1104440 Колодка;
8423.1108001 Механизми управления регулятором (к-т, без накладки 134);3
8423.1108001 Механизми управления регулятором в сборе;1
8423.1108050-10 Тяга рычага управления регулятором в сборе;3
8423.1108134-10 Накладка рычага;3
8423.1118220-20 Трубка подвода масла (ТМЗ);7
8423.1118322 Прокладка;4
8423.1170270-20 Крышка охладителя;3
8423.1170294-30 Бачок охладителя;2
8423.1170298-10 Прокладка бачка;1
8423.1170326-20 Кронштейн крепления охладителя;1
8423.1303104-10 Труба водяная правая;1
8423.1303130 Патрубок водяной коробки;4
8423.1303174 Патрубок;5
8423.1303276 Прокладка;4
8423.1303278-10 Патрубок (8423.1303278-11);1
8423.1303284-10 Трубка;
8423.1303284-13 Трубка (тонк.);1
8423.1303291 Патрубок охладителя;3
8423.1303296-10 Трубка соединительная (ТМЗ);
8423.1303296-13 Трубка соединительная;
8423.1303308 Патрубок отводящий (ТМЗ);3
8423.1303311 Прокладка патрубка;9
8423.1303312 Прокладка патрубка;9
8423.1307010-20 Насос водяной (ТМЗ) (он-же 8423.1307010-04);13
8423.1308012-01 Вентилятор;
8423.1308652 Ступица вентилятора;3
8423.1309010-10 Кожух вентилятора;2
8423.1309064 Кронштейн кожуха;3
8423.1309066 Кронштейн кожуха;3
8423.1309072 Кронштейн кожуха;3
8423.1309074 Кронштейн кожуха;3
8423.1309075 Втулка (кожуха вент.);8
8423.1319007-01 Установка УВГ;1
8423.3701774-01 Кронштейн генератора;3
8424.1003063 Кольцо уплотнительное 015-019-25 (25.3111.6063) (рез.);
8424.1003063 Кольцо уплотнительное 015-019-25 (25.3111.6063) (силикон);57
8424.1012011 Проставка фильтра масляного;
8424.1013620 Корпус радиатора (со шпильками);1
8424.1013694 Крышка радиатора передняя (ТМЗ);5
8424.1022826 Трубка топливная (ТМЗ);
8424.1022826-10 Трубка топливная (камоцци);13
8424.1104426-20 Трубка подводящая;4
8424.1115036 Прокладка патрубка (армиров.);
8424.1115036 Прокладка патрубка (армированная)  Т;8
8424.1115036 Прокладка патрубка (не армиров.);
8424.1115048 Рукав соединительный;7
8424.1115158 Втулка;
8424.1115158-03 Втулка (тонк.);
8424.1318030-01 Вал;2
8424.1318036 Втулка распорная;3
8424.1318150 Трубка подводящая;7
8424.3708800-10 Болт крепления стартера;13
8424.3902150 РЭ Руководство по эксплуатации;2
8431.1022840 Трубка топливная от клапана к свечам (ТМЗ);
8431.1104410 Трубка подвод. ТПН;1
8431.1104421 Штуцер (дв.ТМЗ-8431,8435,8481-05);
8431.1104422 Штуцер (дв.ТМЗ-8431,8435,8481-05);
8431.1115030 Патрубок соединительный;1
8431.1115120 Патрубок компрессора;1
8431.1115150 Труба левая;
8431.1115154 Прокладка;
8431.1115182 Кронштейн;
8431.1115182-11 Кронштейн;1
8435.1008042 Труба правая;2
8435.1008043 Труба левая;2
8435.1111538-10 Трубка подвода (камоцци);1
8435.1115040-01 Рукав с кольцами в сборе (силикон);
8435.1115182-10 Кронштейн;1
8435.1118220 Труба подвода масла;1
8435.1118230 Трубка слива масла;1
846.1006015 Вал распределительный;
846.1029401 Шестерня ведущая (ТМЗ);1
8463.1003264 Крышка головки;2
8463.1014100-50 Установка сапуна;5
8463.1014100-60 Установка сапуна;2
8463.1014120-20 Сапун с проставкой;2
"847.1004008-05 Комплект: гильза-поршень (ТМЗ, поршень пр-ва ""Federal-Mogul"")";
847.1104433 Болт пустотелый М16х60;10
8481.1003264-10 Крышка головки (лого ТМЗ);8
8481.1005061-40 Шкив коленвала;
8481.1005115 Маховик (ТМЗ);
8481.1011014 Насос масляный;1
8481.1012015-02 Корпус масляного фильтра (ТМЗ) (в сборе);5
8481.1104308-8 Комплект трубок ВД ТМЗ (гнутые, 8шт.);2
8481.1104620 Трубка дренажная (аналог);6
8481.1104620 Трубка дренажная (ТМЗ);7
8481.1104913-40 Кольцо уплотнительное 2651 М14-2 (8.9209) (CAMOZZI);52
8481.1104914-40 Кольцо уплотнительное 2651 М16-2 (CAMOZZI);
8481.1115120 Патрубок со шпильками в сборе;1
8481.1115145-01 Труба правая;1
8481.1115256 Проставка;2
8481.1117007 Комплект замены топливопроводов ФТОТ 840.1117010 (5 турбок);4
8481.1117007-10 Комплект замены топливопроводов ФТОТ 8481.1117010 (4 трубки);3
8481.1117020-20 Корпус топливного фильтра (в сборе);3
8481.1117022 Корпус топливного фильтра (голый);1
8481.1118208 Патрубок;
8481.1118208-10 Патрубок;1
8481.1118230 Трубка слива масла;7
8481.1118248 Патрубок сливной;
8481.1170002 Р/к заглушек ОНВ ТМЗ (резина);11
8481.1170003 Р/к охладителя наддувочного воздуха ТМЗ (паронит, РТИ);4
8481.1170200 Охладитель;
8481.1170200 Охладитель (ТМЗ);
8481.1307010-13 Насос водяной (ТМЗ) (усил. подш., замена 8481.1307010-03);1
8481.1307155 Натяжное устройство;1
8481.1308012 Крыльчатка вентилятора дв.ТМЗ, MS9, 660 мм (черная);5
8481.1308012 Крыльчатка вентилятора дв.ТМЗ, MTD 660912769 (белая);5
8481.1308012 Крыльчатка вентилятора дв.ТМЗ, Z660W-9L (Китай);
8481.1308653 Проставка (ТМЗ);
8481.1318006 Муфта вязкостная с крыльчаткой в сб. YM/VC-8481-V1 (660 mm);2
8481.1318006 Муфта вязкостная ТМЗ, 660 мм, 9 лопастей (VEXTON);1
8481.1318008-20 Привод вентилятора;1
8481.1318008-30 Привод вентилятора;2
8481.1318176 Шкив привода;2
8481.1318176-21 Шкив (ТМЗ);2
8481.3509001 Комплект для установки компрессора LP3999;
8481.3509002 Комплект для установки компрессора LK8934;
8481.3509240-10 Трубка подвода воздуха;2
8481.3509240-22 Трубка подвода воздуха (Уфа);10
8481.3509260 Трубка;7
8481.3509278-10 Трубка;4
8481.3509278-20 Трубка;15
8481.3509280-10 Трубка отвода воды;13
8481.3509280-20 Трубка отвода воды;17
8481.3509303 Штуцер;
8481.3509303-10 Штуцер;31
8481.3509304 Штуцер;5
8481.3701780-11 Палец крепления генератора;3
8481.3701790-11 Планка генератора;1
8481.3708005-07 Стартер 24В, дв. ТМЗ (M105R3537SE-VPP, Prestolite Electric);2
8481.8111700 Комплект установки компрессора кондиционера;1
8481.8111770-10 Кронштейн;3
8481.8111794 Ось;1
8481.8111798 Проставка;1
8483.1005061-20 Шкив;2
8483.1012015-02 Корпус фильтра;
8483.1308012-02 Крыльчатка муфты YM/VC-8481-F2 (813 mm);
8483.1308653-01 Фланец привода;2
8483.1318006-04 Муфта вязкостная с крыльчаткой в сб. YM/VC-8481-V4 (813 mm);
8483.1318176 Шкив привода вентилятора;
8483.3724180-02 Жгут моторный АРТВ 453765.133;
8483.3724180-10 Жгут моторный АРТВ 453765.219;
8483.3724180-11 Жгут моторный АБИТ.23034.2100;
8484.1118208 Патрубок;
8486.1005061-12 Шкив;
8486.1005061-40 Шкив;1
8486.1008046-10 Труба (ТМЗ);
8486.1008354-10 Проставка;2
8486.1008355-10 Проставка;2
8486.1104369 Болт (кр. форс. АЗПИ);3
8486.1118220-10 Трубка подвода масла;1
8486.1118230-10 Трубка слива масла (ТМЗ);1
8486.1212050-10 Кронштейн рамы;2
8486.1212060 Болт крепления ГБЦ (275мм);
8486.1307010-13 Насос водяной (ТМЗ) (усил. подш., замена 8486.1307010-03);
8486.1307155 Натяжное устройство;1
8486.3701774-11 Кронштейн крепления генератора;2
8486.3701790 Планка генератора;2
849.1003264-01 Крышка головки цилиндра;3
849.1011240 Шестерня (ТМЗ);
849.3701715-20 Приспособление натяжное;
852.1011350 Труба;1
852.1170210 Корпус охладителя;
8522.1115032-01 Патрубок соединительный (ТМЗ);
85227.1108005 Привод рычага останова ТНВД;2
8525.3701774 Кронштейн генератора;1
8525.3701790 Планка генератора;1
8531.1005115 Маховик (ТМЗ);
8531.1601015-10 Картер сцепления (ТМЗ);
8802.1003701 Комплект головки цилинров с клапанами в сборе (чугун);
9.1191 Турбокомпрессор ТКР 100 (замена 8.8681, KG-100 (8.9826));1
LK8934 K068979 Компрессор (ТМЗ);1
LP3999 K012323N50 Компрессор (ТМЗ);4
LTS-104 Термопломба (индикатор перегрева) (LUZAR);5
LTS-90 Термонаклейка (индикатор перегрева) (LUZAR);1
R5790R ФГОТ RACOR (аналог) в сборе с подогревом+ подогр.колбы+датчик загр (R90P-D-MAX);2
S12-22/9C7-W1 Хомут NORMA (8.8405);82
S35-50/9C7-W1 Хомут TORRO (288707);1
S40-60/9C7-W1 Хомут TORRO (288708);
S50-70/9C7-W1 Хомут NORMA (8.8386);7
S70-90/12C7-W1 Хомут NORMA;8
А-02-035-00-00-00 Распылитель АЗПИ (форсунка 840.1112010-35);20
Датчик ATPS-576 давления наддувочного воздуха (ан. Bosch 281002576);10
Датчик CFTS-209 температуры охлаждающей жидкости (ан. Bosch 281002209);5
Датчик SSS-898 частоты вращения коленчатого вала (ан. Bosch 281002898);10
Датчик TPS-953 давления и температуры воздуха (ан. Bosch 281002953);10
К36-88-02 Турбокомпрессор (8.8715);1
Комплект колодок (ТМЗ);5
М230  Блок управления 123 02011 (ЕВРО-3 24V) АБИТ 8.9023;5
Подставка под двигатель ТМЗ;1
Ремень AVX10-913Lw Rubena (Чехия) аналог 8,5х8х913 зуб.;8
Ремень AVX13-1200 Rubena (Чехия) - аналог 11х10х1180 зуб.;5
Ремень TOYOPOWER A-1250 Lp;
Ремень TOYOPOWER AVX10x913 La зуб.;14
Ремень TOYOPOWER AVX10x950 La зуб.;2
Ремень TOYOPOWER AVX11x10х1180 зуб.;
Ремень TOYOPOWER AVX11x10х900 зуб.;
Ремень TOYOPOWER AVX13x925 La зуб.;6
Ремень TOYOPOWER AVX13х1180 зуб.;7
Ремень TOYOPOWER AVX14x13х1320 зуб.;21
Т6109  Фильтр топливный DIFA (аналог WDK 962/16);10
ТКР 100-05 Турбокомпрессор (ТУРБОТЕХНИКА, дв. ТМЗ, замена К36-86-01);2
ТКР 100-20 Турбокомпрессор (ТУРБОТЕХНИКА, дв. ТМЗ, замена К36-91-01);
Торцевое уплотнение YM/FB-3/4;20
ТС107-1306100-02 Термостат (ПРАМО/ЭЛТРА);9
8481.8111790 Болт натяжной компрессора кондиционера;
8486.1118260-10 Прокладка ТКР;6
РТ 486460 Манжета 93х62х12х16;
841.1303163 Прокладка;9
841.1002265 Прокладка передней крышки блока;2
8424.1118048 Рукав соединительный;7